,created_at_date,search_query,searches,users
0,2022-09-10,a474ka159,1,1
1,2022-09-10,a714ht38,1208,795
2,2022-09-10,a988ao54,71,37
3,2022-09-10,b306ab797,1,1
4,2022-09-10,b795mc156,2,2
5,2022-09-10,c025ex797,4,4
6,2022-09-10,c060cp78,9,4
7,2022-09-10,c815mp09,54,41
8,2022-09-10,c830bm797,23,23
9,2022-09-10,e419ac11,13,7
10,2022-09-10,h081ty93,4,3
11,2022-09-10,k090mo777,3,1
12,2022-09-10,k140hm198,11,10
13,2022-09-10,m244ck38,1,1
14,2022-09-10,m707mm78,28,20
15,2022-09-10,p176hh198,1,1
16,2022-09-10,p423cp74,1,1
17,2022-09-10,p536kh761,1,1
18,2022-09-10,t146yc56,712,484
19,2022-09-10,t531ka77,4,1
20,2022-09-10,t949kt78,3,3
21,2022-09-10,x035em193,8,8
22,2022-09-10,x304ak152,1,1
23,2022-09-10,x444bc197,4,3
24,2022-09-10,x922mm56,2,2
25,2022-09-10,y535ao47,1,1
26,2022-09-11,a474ka159,1,1
27,2022-09-11,a714ht38,871,567
28,2022-09-11,a988ao54,69,45
29,2022-09-11,b306ab797,1,1
30,2022-09-11,b772ay05,1,1
31,2022-09-11,c025ex797,11,10
32,2022-09-11,c060cp78,3,3
33,2022-09-11,c815mp09,35,19
34,2022-09-11,c830bm797,22,17
35,2022-09-11,e419ac11,2,2
36,2022-09-11,h081ty93,1,1
37,2022-09-11,h191yo26,2,1
38,2022-09-11,h795ek47,2,1
39,2022-09-11,k090mo777,1,1
40,2022-09-11,k140hm198,16,8
41,2022-09-11,m707mm78,14,8
42,2022-09-11,o543mc174,1,1
43,2022-09-11,o658po799,2,2
44,2022-09-11,p176hh198,2,1
45,2022-09-11,p536kh761,2,2
46,2022-09-11,t146yc56,488,332
47,2022-09-11,x035em193,1,1
48,2022-09-11,x085ee98,3,3
49,2022-09-11,x304ak152,1,1
50,2022-09-11,x444bc197,2,1
51,2022-09-11,x630om161,1,1
52,2022-09-11,y199yc777,2,1
53,2022-09-11,y535ao47,1,1
54,2022-09-12,a474ka159,2,2
55,2022-09-12,a714ht38,310,193
56,2022-09-12,a988ao54,13,5
57,2022-09-12,c025ex797,1,1
58,2022-09-12,c060cp78,2,2
59,2022-09-12,c815mp09,12,9
60,2022-09-12,e419ac11,1,1
61,2022-09-12,h081ty93,1,1
62,2022-09-12,k090mo777,1,1
63,2022-09-12,m707mm78,22,21
64,2022-09-12,o543mc174,3,2
65,2022-09-12,p803ee56,3,3
66,2022-09-12,t146yc56,172,114
67,2022-09-12,x085ee98,1,1
68,2022-09-12,x444bc197,3,3
69,2022-09-12,x922mm56,1,1
70,2022-09-13,a474ka159,2,2
71,2022-09-13,a714ht38,1119,705
72,2022-09-13,a988ao54,82,40
73,2022-09-13,b306ab797,2,2
74,2022-09-13,b795mc156,2,2
75,2022-09-13,c025ex797,1,1
76,2022-09-13,c060cp78,11,5
77,2022-09-13,c815mp09,49,34
78,2022-09-13,c830bm797,8,8
79,2022-09-13,e419ac11,6,4
80,2022-09-13,e945yy163,1,1
81,2022-09-13,h081ty93,21,4
82,2022-09-13,h795ek47,2,2
83,2022-09-13,k090mo777,9,9
84,2022-09-13,k140hm198,3,3
85,2022-09-13,k484kh98,1,1
86,2022-09-13,m244ck38,1,1
87,2022-09-13,m460ho197,7,7
88,2022-09-13,m707mm78,42,26
89,2022-09-13,p282oe198,1,1
90,2022-09-13,p536kh761,1,1
91,2022-09-13,p803ee56,3,3
92,2022-09-13,t146yc56,663,427
93,2022-09-13,t531ka77,2,2
94,2022-09-13,t949kt78,1,1
95,2022-09-13,x085ee98,3,3
96,2022-09-13,x137ke56,1,1
97,2022-09-13,x304ak152,1,1
98,2022-09-13,x444bc197,4,2
99,2022-09-13,x922mm56,3,3
100,2022-09-13,y199yc777,1,1
101,2022-09-13,y535ao47,2,2
102,2022-09-14,a714ht38,1126,681
103,2022-09-14,a988ao54,74,28
104,2022-09-14,b306ab797,1,1
105,2022-09-14,b795mc156,1,1
106,2022-09-14,c060cp78,3,3
107,2022-09-14,c815mp09,39,32
108,2022-09-14,c830bm797,3,3
109,2022-09-14,e419ac11,3,3
110,2022-09-14,h081ty93,4,4
111,2022-09-14,h795ek47,1,1
112,2022-09-14,k090mo777,4,4
113,2022-09-14,m244ck38,1,1
114,2022-09-14,m460ho197,3,2
115,2022-09-14,m707mm78,31,23
116,2022-09-14,p536kh761,1,1
117,2022-09-14,p803ee56,2,2
118,2022-09-14,t146yc56,664,448
119,2022-09-14,t949kt78,2,2
120,2022-09-14,x304ak152,3,3
121,2022-09-14,x922mm56,1,1
122,2022-09-14,y150op77,1,1
123,2022-09-14,y535ao47,2,2
124,2022-09-14,y769aa178,1,1
125,2022-09-15,a011ko790,5,5
126,2022-09-15,a474ka159,2,2
127,2022-09-15,a714ht38,1227,753
128,2022-09-15,a988ao54,53,23
129,2022-09-15,b144ko147,1,1
130,2022-09-15,b306ab797,7,3
131,2022-09-15,b795mc156,1,1
132,2022-09-15,c060cp78,12,7
133,2022-09-15,c815mp09,71,53
134,2022-09-15,c830bm797,13,10
135,2022-09-15,e419ac11,19,17
136,2022-09-15,e945yy163,132,103
137,2022-09-15,h081ty93,7,6
138,2022-09-15,h191yo26,3,2
139,2022-09-15,h795ek47,2,2
140,2022-09-15,k090mo777,21,21
141,2022-09-15,k140hm198,6,4
142,2022-09-15,k426ek199,3,2
143,2022-09-15,m244ck38,2,2
144,2022-09-15,m460ho197,1,1
145,2022-09-15,m707mm78,19,13
146,2022-09-15,o007my790,1,1
147,2022-09-15,o581kp761,3,2
148,2022-09-15,o658po799,1,1
149,2022-09-15,p803ee56,63,45
150,2022-09-15,t146yc56,633,424
151,2022-09-15,t949kt78,2,1
152,2022-09-15,x085ee98,2,2
153,2022-09-15,x137ke56,2,2
154,2022-09-15,x304ak152,3,3
155,2022-09-15,x444bc197,2,2
156,2022-09-15,x922mm56,34,27
157,2022-09-15,y199yc777,67,35
158,2022-09-15,y769aa178,273,229
159,2022-09-16,a011ko790,1,1
160,2022-09-16,a325bt198,3,2
161,2022-09-16,a713bx790,30,8
162,2022-09-16,a714ht38,1135,687
163,2022-09-16,a901mk40,5,1
164,2022-09-16,a988ao54,52,11
165,2022-09-16,b306ab797,2,2
166,2022-09-16,b450yk24,1,1
167,2022-09-16,b772ay05,5,2
168,2022-09-16,c025ex797,1,1
169,2022-09-16,c060cp78,4,4
170,2022-09-16,c610pp39,1,1
171,2022-09-16,c815mp09,71,47
172,2022-09-16,c830bm797,8,6
173,2022-09-16,e100pe61,1,1
174,2022-09-16,e419ac11,8,7
175,2022-09-16,e945yy163,573,415
176,2022-09-16,h081ty93,2,2
177,2022-09-16,h191yo26,2,2
178,2022-09-16,k090mo777,78,66
179,2022-09-16,k140hm198,2,2
180,2022-09-16,k426ek199,1,1
181,2022-09-16,k484kh98,1,1
182,2022-09-16,m707mm78,30,21
183,2022-09-16,o658po799,1,1
184,2022-09-16,p803ee56,278,191
185,2022-09-16,t146yc56,629,394
186,2022-09-16,t287at177,1,1
187,2022-09-16,t531ka77,2,2
188,2022-09-16,t949kt78,2,2
189,2022-09-16,x035em193,1,1
190,2022-09-16,x085ee98,6,2
191,2022-09-16,x137ke56,5,5
192,2022-09-16,x304ak152,2,2
193,2022-09-16,x444bc197,3,3
194,2022-09-16,x922mm56,113,93
195,2022-09-16,y150op77,2,2
196,2022-09-16,y199yc777,265,203
197,2022-09-16,y535ao47,1,1
198,2022-09-16,y769aa178,864,708
199,2022-09-17,a011ko790,2,2
200,2022-09-17,a201ah761,2,1
201,2022-09-17,a474ka159,1,1
202,2022-09-17,a713bx790,12,12
203,2022-09-17,a714ht38,1305,759
204,2022-09-17,a894ep152,1,1
205,2022-09-17,a988ao54,59,25
206,2022-09-17,b772ay05,1,1
207,2022-09-17,c060cp78,2,2
208,2022-09-17,c815mp09,97,55
209,2022-09-17,c830bm797,9,7
210,2022-09-17,e419ac11,7,5
211,2022-09-17,e945yy163,102,75
212,2022-09-17,h081ty93,3,3
213,2022-09-17,h191yo26,1,1
214,2022-09-17,h795ek47,2,2
215,2022-09-17,k090mo777,26,22
216,2022-09-17,k140hm198,5,5
217,2022-09-17,k894co178,1,1
218,2022-09-17,m244ck38,1,1
219,2022-09-17,m707mm78,23,12
220,2022-09-17,o543mc174,1,1
221,2022-09-17,o581kp761,11,2
222,2022-09-17,o783bh790,10,6
223,2022-09-17,p282oe198,2,1
224,2022-09-17,p536kh761,7,2
225,2022-09-17,p803ee56,76,46
226,2022-09-17,t146yc56,729,494
227,2022-09-17,t287at177,4,4
228,2022-09-17,t531ka77,5,2
229,2022-09-17,t949kt78,3,2
230,2022-09-17,x444bc197,1,1
231,2022-09-17,x922mm56,47,30
232,2022-09-17,y150op77,1,1
233,2022-09-17,y199yc777,75,60
234,2022-09-17,y535ao47,1,1
235,2022-09-17,y769aa178,1058,889
236,2022-09-18,a325bt198,9,3
237,2022-09-18,a474ka159,4,2
238,2022-09-18,a713bx790,70288,54507
239,2022-09-18,a714ht38,1701,980
240,2022-09-18,a901mk40,2,1
241,2022-09-18,a988ao54,54,41
242,2022-09-18,b144ko147,2,2
243,2022-09-18,b306ab797,4,3
244,2022-09-18,b772ay05,1,1
245,2022-09-18,c060cp78,2,2
246,2022-09-18,c815mp09,82,46
247,2022-09-18,c830bm797,123,97
248,2022-09-18,e419ac11,8,8
249,2022-09-18,e945yy163,55,44
250,2022-09-18,h081ty93,2,2
251,2022-09-18,h191yo26,2,1
252,2022-09-18,h795ek47,10,7
253,2022-09-18,k090mo777,24,21
254,2022-09-18,k140hm198,3,3
255,2022-09-18,k426ek199,2818,2011
256,2022-09-18,k484kh98,2,2
257,2022-09-18,k684mx150,1,1
258,2022-09-18,m244ck38,1,1
259,2022-09-18,m460ho197,1,1
260,2022-09-18,m707mm78,27,25
261,2022-09-18,m973by78,1,1
262,2022-09-18,o581kp761,768,503
263,2022-09-18,o783bh790,3,3
264,2022-09-18,p176hh198,2,2
265,2022-09-18,p536kh761,3,3
266,2022-09-18,p803ee56,55,40
267,2022-09-18,t146yc56,985,627
268,2022-09-18,t287at177,5,2
269,2022-09-18,t949kt78,2,2
270,2022-09-18,x085ee98,79,57
271,2022-09-18,x304ak152,8,4
272,2022-09-18,x444bc197,3,3
273,2022-09-18,x922mm56,18,15
274,2022-09-18,y150op77,1,1
275,2022-09-18,y199yc777,56,37
276,2022-09-18,y535ao47,1,1
277,2022-09-18,y769aa178,1578,1307
278,2022-09-19,a325bt198,6,5
279,2022-09-19,a474ka159,2,2
280,2022-09-19,a713bx790,24904,19312
281,2022-09-19,a714ht38,1648,1018
282,2022-09-19,a901mk40,12,3
283,2022-09-19,a988ao54,27,26
284,2022-09-19,b144ko147,2,1
285,2022-09-19,b306ab797,2,2
286,2022-09-19,b772ay05,1,1
287,2022-09-19,c060cp78,2,2
288,2022-09-19,c815mp09,84,48
289,2022-09-19,c830bm797,84,65
290,2022-09-19,e419ac11,5,5
291,2022-09-19,e945yy163,37,30
292,2022-09-19,h605ht102,1,1
293,2022-09-19,h795ek47,8,7
294,2022-09-19,k090mo777,17,16
295,2022-09-19,k140hm198,1,1
296,2022-09-19,k426ek199,766,532
297,2022-09-19,m707mm78,38,26
298,2022-09-19,m973by78,2,1
299,2022-09-19,o386bt40,1,1
300,2022-09-19,o581kp761,277,182
301,2022-09-19,p282oe198,1,1
302,2022-09-19,p536kh761,1,1
303,2022-09-19,p803ee56,43,31
304,2022-09-19,t146yc56,871,583
305,2022-09-19,t287at177,1,1
306,2022-09-19,t949kt78,4,2
307,2022-09-19,x085ee98,117,77
308,2022-09-19,x304ak152,9,2
309,2022-09-19,x922mm56,11,10
310,2022-09-19,y150op77,1,1
311,2022-09-19,y199yc777,56,43
312,2022-09-19,y455co750,1,1
313,2022-09-19,y535ao47,1,1
314,2022-09-19,y769aa178,1298,1116
315,2022-09-20,a325bt198,2,2
316,2022-09-20,a474ka159,2,2
317,2022-09-20,a713bx790,12425,9862
318,2022-09-20,a714ht38,1318,769
319,2022-09-20,a894ep152,1,1
320,2022-09-20,a988ao54,28,25
321,2022-09-20,b144ko147,11,3
322,2022-09-20,b306ab797,5,4
323,2022-09-20,b450yk24,8,3
324,2022-09-20,b772ay05,264,213
325,2022-09-20,c025ex797,1,1
326,2022-09-20,c060cp78,3,3
327,2022-09-20,c610pp39,1,1
328,2022-09-20,c815mp09,100,49
329,2022-09-20,c830bm797,38,32
330,2022-09-20,e015mt51,1,1
331,2022-09-20,e419ac11,11,4
332,2022-09-20,e945yy163,47,38
333,2022-09-20,h081ty93,71,52
334,2022-09-20,h191yo26,11,3
335,2022-09-20,h795ek47,23,22
336,2022-09-20,k090mo777,18,17
337,2022-09-20,k426ek199,483,338
338,2022-09-20,k684mx150,1,1
339,2022-09-20,m244ck38,1,1
340,2022-09-20,m707mm78,32,26
341,2022-09-20,o386bt40,17,4
342,2022-09-20,o581kp761,136,87
343,2022-09-20,o658po799,1,1
344,2022-09-20,o783bh790,1,1
345,2022-09-20,p176hh198,2,1
346,2022-09-20,p423cp74,1,1
347,2022-09-20,p803ee56,36,30
348,2022-09-20,t146yc56,694,459
349,2022-09-20,t949kt78,3,3
350,2022-09-20,x085ee98,30,28
351,2022-09-20,x304ak152,2,2
352,2022-09-20,x444bc197,3,2
353,2022-09-20,x630om161,1,1
354,2022-09-20,x922mm56,29,21
355,2022-09-20,y150op77,1,1
356,2022-09-20,y199yc777,42,32
357,2022-09-20,y535ao47,6,3
358,2022-09-20,y769aa178,913,801
359,2022-09-21,a011ko790,2,1
360,2022-09-21,a201ah761,46,6
361,2022-09-21,a325bt198,8075,5954
362,2022-09-21,a474ka159,1,1
363,2022-09-21,a713bx790,7350,5762
364,2022-09-21,a714ht38,1312,793
365,2022-09-21,a894ep152,6555,4918
366,2022-09-21,a988ao54,24,9
367,2022-09-21,b144ko147,1721,847
368,2022-09-21,b306ab797,2,1
369,2022-09-21,b450yk24,1,1
370,2022-09-21,b772ay05,39,35
371,2022-09-21,b795mc156,1,1
372,2022-09-21,c060cp78,15,8
373,2022-09-21,c815mp09,128,51
374,2022-09-21,c830bm797,26,20
375,2022-09-21,e419ac11,875,630
376,2022-09-21,e557ox750,2,2
377,2022-09-21,e945yy163,29,23
378,2022-09-21,h081ty93,6,5
379,2022-09-21,h191yo26,8,5
380,2022-09-21,h795ek47,5,3
381,2022-09-21,k090mo777,11,11
382,2022-09-21,k140hm198,8,8
383,2022-09-21,k426ek199,199,160
384,2022-09-21,k894co178,1,1
385,2022-09-21,m244ck38,3,3
386,2022-09-21,m707mm78,55,39
387,2022-09-21,m973by78,470,313
388,2022-09-21,o007my790,2,1
389,2022-09-21,o386bt40,3,2
390,2022-09-21,o581kp761,72,49
391,2022-09-21,o783bh790,2,2
392,2022-09-21,p282oe198,1,1
393,2022-09-21,p536kh761,1853,1298
394,2022-09-21,p803ee56,29,23
395,2022-09-21,t146yc56,751,504
396,2022-09-21,t287at177,1,1
397,2022-09-21,t531ka77,2,2
398,2022-09-21,t949kt78,690,463
399,2022-09-21,x085ee98,35,17
400,2022-09-21,x304ak152,4,4
401,2022-09-21,x444bc197,3,3
402,2022-09-21,x922mm56,19,17
403,2022-09-21,y199yc777,28,25
404,2022-09-21,y455co750,1,1
405,2022-09-21,y535ao47,7243,4023
406,2022-09-21,y769aa178,524,441
407,2022-09-22,a201ah761,10,4
408,2022-09-22,a325bt198,1484,1091
409,2022-09-22,a474ka159,1,1
410,2022-09-22,a713bx790,5069,4012
411,2022-09-22,a714ht38,1657,944
412,2022-09-22,a894ep152,1775,1234
413,2022-09-22,a988ao54,15,11
414,2022-09-22,b144ko147,3632,2028
415,2022-09-22,b306ab797,49056,37394
416,2022-09-22,b450yk24,92,66
417,2022-09-22,b772ay05,34,20
418,2022-09-22,c060cp78,11,9
419,2022-09-22,c610pp39,1,1
420,2022-09-22,c815mp09,117,48
421,2022-09-22,c830bm797,16,14
422,2022-09-22,e419ac11,237,182
423,2022-09-22,e557ox750,1,1
424,2022-09-22,e945yy163,19,14
425,2022-09-22,h081ty93,23,13
426,2022-09-22,h191yo26,139340,86941
427,2022-09-22,h795ek47,20,17
428,2022-09-22,k090mo777,10,10
429,2022-09-22,k426ek199,103,73
430,2022-09-22,k484kh98,2,2
431,2022-09-22,k684mx150,1,1
432,2022-09-22,k894co178,3,3
433,2022-09-22,m244ck38,2,2
434,2022-09-22,m460ho197,1,1
435,2022-09-22,m707mm78,5177,3642
436,2022-09-22,m973by78,14145,9732
437,2022-09-22,o007my790,3,2
438,2022-09-22,o386bt40,234,153
439,2022-09-22,o581kp761,51,34
440,2022-09-22,o658po799,1,1
441,2022-09-22,o783bh790,1,1
442,2022-09-22,p176hh198,20,17
443,2022-09-22,p423cp74,10,3
444,2022-09-22,p536kh761,394,305
445,2022-09-22,p803ee56,17,15
446,2022-09-22,t146yc56,912,596
447,2022-09-22,t531ka77,1,1
448,2022-09-22,t834kx124,2,2
449,2022-09-22,t949kt78,7395,5030
450,2022-09-22,x085ee98,22,21
451,2022-09-22,x137ke56,1,1
452,2022-09-22,x304ak152,2,1
453,2022-09-22,x444bc197,9,7
454,2022-09-22,x922mm56,8,6
455,2022-09-22,y199yc777,14,12
456,2022-09-22,y455co750,2,1
457,2022-09-22,y535ao47,15607,8792
458,2022-09-22,y769aa178,289,241
459,2022-09-23,a011ko790,3,1
460,2022-09-23,a201ah761,4659,3716
461,2022-09-23,a325bt198,679,500
462,2022-09-23,a474ka159,4,3
463,2022-09-23,a713bx790,4048,3246
464,2022-09-23,a714ht38,2403,1337
465,2022-09-23,a894ep152,686,469
466,2022-09-23,a988ao54,7901,6190
467,2022-09-23,b144ko147,641,392
468,2022-09-23,b306ab797,65395,50271
469,2022-09-23,b450yk24,33,26
470,2022-09-23,b772ay05,28,26
471,2022-09-23,b795mc156,8,3
472,2022-09-23,c060cp78,11,10
473,2022-09-23,c815mp09,137,76
474,2022-09-23,c830bm797,156,101
475,2022-09-23,e015mt51,1,1
476,2022-09-23,e100pe61,4,1
477,2022-09-23,e419ac11,88,58
478,2022-09-23,e945yy163,9,8
479,2022-09-23,h081ty93,15925,11684
480,2022-09-23,h191yo26,149006,100789
481,2022-09-23,h795ek47,6,6
482,2022-09-23,k090mo777,15,14
483,2022-09-23,k140hm198,45950,28923
484,2022-09-23,k426ek199,57,43
485,2022-09-23,k484kh98,1,1
486,2022-09-23,k684mx150,4,2
487,2022-09-23,k894co178,86,78
488,2022-09-23,m244ck38,4,2
489,2022-09-23,m707mm78,6357,4466
490,2022-09-23,m973by78,1879,1282
491,2022-09-23,o007my790,145,74
492,2022-09-23,o386bt40,69,43
493,2022-09-23,o581kp761,36,25
494,2022-09-23,o783bh790,42036,29322
495,2022-09-23,p176hh198,49,47
496,2022-09-23,p282oe198,2,2
497,2022-09-23,p423cp74,1,1
498,2022-09-23,p536kh761,124,83
499,2022-09-23,p803ee56,12,11
500,2022-09-23,t146yc56,1232,800
501,2022-09-23,t531ka77,1800,1390
502,2022-09-23,t834kx124,68,46
503,2022-09-23,t949kt78,1102,702
504,2022-09-23,x085ee98,24,17
505,2022-09-23,x304ak152,5,4
506,2022-09-23,x444bc197,6,6
507,2022-09-23,x922mm56,4,4
508,2022-09-23,y150op77,1,1
509,2022-09-23,y199yc777,12,10
510,2022-09-23,y455co750,28022,21233
511,2022-09-23,y535ao47,2838,1683
512,2022-09-23,y769aa178,180,161
513,2022-09-24,a201ah761,3662,2881
514,2022-09-24,a325bt198,463,370
515,2022-09-24,a474ka159,1,1
516,2022-09-24,a713bx790,3293,2697
517,2022-09-24,a714ht38,2217,1250
518,2022-09-24,a894ep152,448,304
519,2022-09-24,a988ao54,4043,3166
520,2022-09-24,b144ko147,758,413
521,2022-09-24,b306ab797,17901,13802
522,2022-09-24,b450yk24,104,84
523,2022-09-24,b772ay05,25,14
524,2022-09-24,b795mc156,2,2
525,2022-09-24,c060cp78,10,9
526,2022-09-24,c610pp39,2,1
527,2022-09-24,c815mp09,161,76
528,2022-09-24,c830bm797,52,49
529,2022-09-24,e419ac11,55,42
530,2022-09-24,e557ox750,1,1
531,2022-09-24,e945yy163,7,7
532,2022-09-24,h081ty93,5614,4213
533,2022-09-24,h191yo26,29886,21568
534,2022-09-24,h795ek47,1291,1163
535,2022-09-24,k090mo777,7,7
536,2022-09-24,k140hm198,12743,8405
537,2022-09-24,k426ek199,48,28
538,2022-09-24,k894co178,46,34
539,2022-09-24,m244ck38,4,4
540,2022-09-24,m707mm78,2095,1516
541,2022-09-24,m973by78,1135,770
542,2022-09-24,o007my790,35,30
543,2022-09-24,o386bt40,23,17
544,2022-09-24,o581kp761,34,28
545,2022-09-24,o658po799,1,1
546,2022-09-24,o783bh790,256844,180647
547,2022-09-24,p176hh198,13,9
548,2022-09-24,p282oe198,10,5
549,2022-09-24,p536kh761,65,51
550,2022-09-24,p803ee56,44,17
551,2022-09-24,t146yc56,1126,741
552,2022-09-24,t287at177,1,1
553,2022-09-24,t531ka77,546,434
554,2022-09-24,t834kx124,88,49
555,2022-09-24,t949kt78,649,445
556,2022-09-24,x085ee98,1485,1076
557,2022-09-24,x304ak152,1,1
558,2022-09-24,x444bc197,9,7
559,2022-09-24,x922mm56,4,4
560,2022-09-24,y199yc777,6,6
561,2022-09-24,y455co750,14007,10706
562,2022-09-24,y535ao47,1923,1112
563,2022-09-24,y769aa178,148,126
564,2022-09-25,a011ko790,1,1
565,2022-09-25,a201ah761,1985,1571
566,2022-09-25,a325bt198,349,260
567,2022-09-25,a474ka159,21,19
568,2022-09-25,a713bx790,2925,2333
569,2022-09-25,a714ht38,2066,1260
570,2022-09-25,a894ep152,300,222
571,2022-09-25,a988ao54,2186,1741
572,2022-09-25,b144ko147,655,328
573,2022-09-25,b306ab797,13728,10626
574,2022-09-25,b450yk24,72,63
575,2022-09-25,b772ay05,16,15
576,2022-09-25,b795mc156,179,137
577,2022-09-25,c060cp78,3,3
578,2022-09-25,c610pp39,1,1
579,2022-09-25,c815mp09,129,58
580,2022-09-25,c830bm797,82,79
581,2022-09-25,e100pe61,1,1
582,2022-09-25,e419ac11,29,29
583,2022-09-25,e945yy163,8,6
584,2022-09-25,h081ty93,3672,2768
585,2022-09-25,h191yo26,11175,8473
586,2022-09-25,h795ek47,6233,4378
587,2022-09-25,k090mo777,13,12
588,2022-09-25,k140hm198,5628,3874
589,2022-09-25,k426ek199,60,38
590,2022-09-25,k894co178,191,169
591,2022-09-25,m244ck38,1,1
592,2022-09-25,m460ho197,2,2
593,2022-09-25,m707mm78,3159,2335
594,2022-09-25,m973by78,799,548
595,2022-09-25,o007my790,14,14
596,2022-09-25,o386bt40,15,11
597,2022-09-25,o581kp761,16,10
598,2022-09-25,o658po799,1,1
599,2022-09-25,o783bh790,65922,45081
600,2022-09-25,p176hh198,9,8
601,2022-09-25,p536kh761,55,33
602,2022-09-25,p803ee56,11,11
603,2022-09-25,t146yc56,1117,761
604,2022-09-25,t531ka77,442,361
605,2022-09-25,t834kx124,44,19
606,2022-09-25,t949kt78,522,354
607,2022-09-25,x035em193,13,11
608,2022-09-25,x085ee98,12153,8704
609,2022-09-25,x304ak152,6,5
610,2022-09-25,x444bc197,6,6
611,2022-09-25,x630om161,2,2
612,2022-09-25,x922mm56,18,7
613,2022-09-25,y150op77,2,1
614,2022-09-25,y199yc777,8,8
615,2022-09-25,y455co750,7145,5649
616,2022-09-25,y535ao47,1463,856
617,2022-09-25,y769aa178,138,113
618,2022-09-26,a201ah761,1063,837
619,2022-09-26,a307hk156,2,2
620,2022-09-26,a325bt198,223,145
621,2022-09-26,a474ka159,15,14
622,2022-09-26,a713bx790,2203,1794
623,2022-09-26,a714ht38,1752,1097
624,2022-09-26,a894ep152,285,223
625,2022-09-26,a988ao54,1380,1076
626,2022-09-26,b144ko147,430,210
627,2022-09-26,b306ab797,8307,6353
628,2022-09-26,b450yk24,61,58
629,2022-09-26,b772ay05,3,3
630,2022-09-26,b795mc156,65,47
631,2022-09-26,c025ex797,1,1
632,2022-09-26,c060cp78,8,8
633,2022-09-26,c815mp09,164,89
634,2022-09-26,c830bm797,43,33
635,2022-09-26,e040xk196,1,1
636,2022-09-26,e419ac11,34,33
637,2022-09-26,e945yy163,10,8
638,2022-09-26,h081ty93,2876,2170
639,2022-09-26,h191yo26,5245,3964
640,2022-09-26,h795ek47,5256,3671
641,2022-09-26,k090mo777,4,4
642,2022-09-26,k140hm198,3190,2155
643,2022-09-26,k426ek199,60,26
644,2022-09-26,k484kh98,2,2
645,2022-09-26,k894co178,110,101
646,2022-09-26,m244ck38,1,1
647,2022-09-26,m707mm78,1905,1343
648,2022-09-26,m973by78,660,451
649,2022-09-26,o007my790,10,9
650,2022-09-26,o386bt40,14,10
651,2022-09-26,o581kp761,15,12
652,2022-09-26,o783bh790,43666,29520
653,2022-09-26,p176hh198,8,8
654,2022-09-26,p282oe198,2,1
655,2022-09-26,p536kh761,55,44
656,2022-09-26,p803ee56,11,11
657,2022-09-26,t146yc56,981,660
658,2022-09-26,t287at177,2,2
659,2022-09-26,t531ka77,266,194
660,2022-09-26,t834kx124,53,19
661,2022-09-26,t949kt78,369,255
662,2022-09-26,x035em193,7,7
663,2022-09-26,x085ee98,2562,1823
664,2022-09-26,x304ak152,1,1
665,2022-09-26,x444bc197,8,6
666,2022-09-26,x922mm56,6,4
667,2022-09-26,y150op77,1,1
668,2022-09-26,y199yc777,11,10
669,2022-09-26,y455co750,3988,3063
670,2022-09-26,y535ao47,851,501
671,2022-09-26,y769aa178,112,101
672,2022-09-27,a011ko790,3,1
673,2022-09-27,a201ah761,523,409
674,2022-09-27,a325bt198,236,177
675,2022-09-27,a474ka159,4,4
676,2022-09-27,a713bx790,1520,1262
677,2022-09-27,a714ht38,1491,940
678,2022-09-27,a894ep152,290,227
679,2022-09-27,a988ao54,841,678
680,2022-09-27,b144ko147,288,160
681,2022-09-27,b306ab797,5537,4379
682,2022-09-27,b450yk24,34,30
683,2022-09-27,b772ay05,4,4
684,2022-09-27,b795mc156,28,25
685,2022-09-27,c060cp78,8,7
686,2022-09-27,c815mp09,99,53
687,2022-09-27,c830bm797,14,11
688,2022-09-27,e100pe61,1,1
689,2022-09-27,e419ac11,25,25
690,2022-09-27,e945yy163,12,5
691,2022-09-27,h081ty93,2042,1516
692,2022-09-27,h191yo26,2902,2275
693,2022-09-27,h795ek47,1212,892
694,2022-09-27,k090mo777,18,13
695,2022-09-27,k140hm198,2491,1806
696,2022-09-27,k426ek199,57,20
697,2022-09-27,k484kh98,2,2
698,2022-09-27,k894co178,59,49
699,2022-09-27,m244ck38,1,1
700,2022-09-27,m460ho197,1283,1015
701,2022-09-27,m707mm78,1664,1253
702,2022-09-27,m973by78,473,319
703,2022-09-27,o007my790,8,6
704,2022-09-27,o386bt40,6,6
705,2022-09-27,o581kp761,14,12
706,2022-09-27,o658po799,526,398
707,2022-09-27,o783bh790,25424,17522
708,2022-09-27,p176hh198,3,3
709,2022-09-27,p282oe198,2,1
710,2022-09-27,p536kh761,30,28
711,2022-09-27,p803ee56,17,13
712,2022-09-27,t146yc56,768,533
713,2022-09-27,t531ka77,145,115
714,2022-09-27,t834kx124,34,5
715,2022-09-27,t949kt78,283,221
716,2022-09-27,x035em193,2,2
717,2022-09-27,x085ee98,2464,1863
718,2022-09-27,x444bc197,6,3
719,2022-09-27,x922mm56,7,7
720,2022-09-27,y199yc777,7,7
721,2022-09-27,y455co750,2567,2019
722,2022-09-27,y535ao47,736,460
723,2022-09-27,y769aa178,164,144
724,2022-09-28,a201ah761,264,200
725,2022-09-28,a307hk156,1,1
726,2022-09-28,a325bt198,185,126
727,2022-09-28,a474ka159,2,2
728,2022-09-28,a713bx790,1297,1099
729,2022-09-28,a714ht38,1328,878
730,2022-09-28,a894ep152,171,121
731,2022-09-28,a988ao54,544,463
732,2022-09-28,b144ko147,230,104
733,2022-09-28,b306ab797,3351,2784
734,2022-09-28,b450yk24,17,15
735,2022-09-28,b772ay05,3,3
736,2022-09-28,b795mc156,38,32
737,2022-09-28,c060cp78,1386,945
738,2022-09-28,c815mp09,44,39
739,2022-09-28,c830bm797,9,9
740,2022-09-28,e040xk196,3,3
741,2022-09-28,e100pe61,1,1
742,2022-09-28,e419ac11,17,17
743,2022-09-28,e945yy163,5,5
744,2022-09-28,h081ty93,1284,1008
745,2022-09-28,h191yo26,2062,1725
746,2022-09-28,h795ek47,451,321
747,2022-09-28,k090mo777,8,8
748,2022-09-28,k140hm198,1324,978
749,2022-09-28,k426ek199,62,25
750,2022-09-28,k484kh98,9,9
751,2022-09-28,k894co178,43,38
752,2022-09-28,m460ho197,1404,1106
753,2022-09-28,m707mm78,1054,818
754,2022-09-28,m973by78,372,254
755,2022-09-28,o007my790,2,1
756,2022-09-28,o386bt40,14,10
757,2022-09-28,o543mc174,2,1
758,2022-09-28,o581kp761,8,7
759,2022-09-28,o658po799,540,458
760,2022-09-28,o783bh790,20303,14279
761,2022-09-28,p176hh198,5,5
762,2022-09-28,p282oe198,2,1
763,2022-09-28,p536kh761,19,19
764,2022-09-28,p803ee56,15,8
765,2022-09-28,t146yc56,707,509
766,2022-09-28,t531ka77,102,83
767,2022-09-28,t834kx124,35,5
768,2022-09-28,t949kt78,203,162
769,2022-09-28,x085ee98,1426,1103
770,2022-09-28,x304ak152,3,3
771,2022-09-28,x444bc197,6,6
772,2022-09-28,x922mm56,2,1
773,2022-09-28,x947yk174,1,1
774,2022-09-28,y199yc777,9,9
775,2022-09-28,y455co750,1458,1157
776,2022-09-28,y535ao47,487,326
777,2022-09-28,y769aa178,174,153
778,2022-09-29,a201ah761,299,215
779,2022-09-29,a307hk156,3,2
780,2022-09-29,a325bt198,203,118
781,2022-09-29,a474ka159,4,2
782,2022-09-29,a713bx790,1144,990
783,2022-09-29,a714ht38,1320,794
784,2022-09-29,a894ep152,134,113
785,2022-09-29,a988ao54,613,534
786,2022-09-29,b144ko147,190,89
787,2022-09-29,b306ab797,3059,2505
788,2022-09-29,b450yk24,19,17
789,2022-09-29,b772ay05,3,3
790,2022-09-29,b795mc156,49,37
791,2022-09-29,c060cp78,4344,2957
792,2022-09-29,c815mp09,41,35
793,2022-09-29,c830bm797,15,11
794,2022-09-29,e040xk196,12,6
795,2022-09-29,e419ac11,30,27
796,2022-09-29,e945yy163,1,1
797,2022-09-29,h081ty93,994,773
798,2022-09-29,h191yo26,1895,1587
799,2022-09-29,h795ek47,268,222
800,2022-09-29,k090mo777,11,11
801,2022-09-29,k140hm198,1142,878
802,2022-09-29,k426ek199,54,17
803,2022-09-29,k484kh98,5,5
804,2022-09-29,k684mx150,25,24
805,2022-09-29,k894co178,22,21
806,2022-09-29,m244ck38,3,3
807,2022-09-29,m460ho197,457,374
808,2022-09-29,m707mm78,971,773
809,2022-09-29,m973by78,343,236
810,2022-09-29,o007my790,2,2
811,2022-09-29,o386bt40,6,4
812,2022-09-29,o581kp761,9,8
813,2022-09-29,o658po799,179,136
814,2022-09-29,o783bh790,14089,10094
815,2022-09-29,p176hh198,4,4
816,2022-09-29,p282oe198,7,2
817,2022-09-29,p423cp74,5,2
818,2022-09-29,p536kh761,38,35
819,2022-09-29,p803ee56,8,7
820,2022-09-29,t146yc56,730,527
821,2022-09-29,t287at177,3,2
822,2022-09-29,t531ka77,89,71
823,2022-09-29,t834kx124,33,3
824,2022-09-29,t949kt78,204,160
825,2022-09-29,x085ee98,1179,975
826,2022-09-29,x304ak152,1,1
827,2022-09-29,x444bc197,1,1
828,2022-09-29,x922mm56,3,3
829,2022-09-29,y199yc777,9,9
830,2022-09-29,y455co750,1171,951
831,2022-09-29,y535ao47,342,194
832,2022-09-29,y769aa178,123,106
833,2022-09-30,a011ko790,423,330
834,2022-09-30,a201ah761,160,112
835,2022-09-30,a307hk156,1,1
836,2022-09-30,a325bt198,104,68
837,2022-09-30,a474ka159,1,1
838,2022-09-30,a713bx790,1095,944
839,2022-09-30,a714ht38,1247,763
840,2022-09-30,a894ep152,75,65
841,2022-09-30,a988ao54,601,526
842,2022-09-30,b144ko147,134,68
843,2022-09-30,b306ab797,2112,1752
844,2022-09-30,b450yk24,12,11
845,2022-09-30,b772ay05,1,1
846,2022-09-30,b795mc156,24,21
847,2022-09-30,c060cp78,866,573
848,2022-09-30,c815mp09,41,36
849,2022-09-30,c830bm797,10,8
850,2022-09-30,e015mt51,7,2
851,2022-09-30,e419ac11,30,20
852,2022-09-30,e557ox750,1,1
853,2022-09-30,e945yy163,5,4
854,2022-09-30,h081ty93,631,502
855,2022-09-30,h191yo26,1686,1431
856,2022-09-30,h795ek47,160,126
857,2022-09-30,k090mo777,6,5
858,2022-09-30,k140hm198,1231,886
859,2022-09-30,k426ek199,43,19
860,2022-09-30,k484kh98,7,5
861,2022-09-30,k684mx150,3,3
862,2022-09-30,k894co178,15,15
863,2022-09-30,m460ho197,214,175
864,2022-09-30,m707mm78,494,386
865,2022-09-30,m973by78,257,176
866,2022-09-30,o386bt40,7,7
867,2022-09-30,o543mc174,1,1
868,2022-09-30,o581kp761,1,1
869,2022-09-30,o658po799,101,79
870,2022-09-30,o783bh790,9816,7153
871,2022-09-30,p176hh198,2,2
872,2022-09-30,p282oe198,2,1
873,2022-09-30,p423cp74,2,1
874,2022-09-30,p536kh761,24,22
875,2022-09-30,p803ee56,7,7
876,2022-09-30,t146yc56,593,422
877,2022-09-30,t287at177,4655,3935
878,2022-09-30,t531ka77,75,59
879,2022-09-30,t834kx124,29,3
880,2022-09-30,t949kt78,134,113
881,2022-09-30,x035em193,1,1
882,2022-09-30,x085ee98,953,745
883,2022-09-30,x304ak152,3,1
884,2022-09-30,x444bc197,7,2
885,2022-09-30,x922mm56,5,4
886,2022-09-30,x947yk174,2,1
887,2022-09-30,y199yc777,4,4
888,2022-09-30,y455co750,736,593
889,2022-09-30,y535ao47,165,90
890,2022-09-30,y769aa178,107,99
891,2022-10-01,a011ko790,87,69
892,2022-10-01,a201ah761,141,97
893,2022-10-01,a307hk156,549,425
894,2022-10-01,a325bt198,100,58
895,2022-10-01,a713bx790,1195,1049
896,2022-10-01,a714ht38,1482,1005
897,2022-10-01,a894ep152,65,54
898,2022-10-01,a988ao54,582,518
899,2022-10-01,b144ko147,93,43
900,2022-10-01,b306ab797,1670,1371
901,2022-10-01,b450yk24,15,14
902,2022-10-01,b772ay05,6,6
903,2022-10-01,b795mc156,27,23
904,2022-10-01,c060cp78,944,637
905,2022-10-01,c610pp39,1,1
906,2022-10-01,c815mp09,37,32
907,2022-10-01,c830bm797,14,13
908,2022-10-01,e040xk196,5,1
909,2022-10-01,e419ac11,24,18
910,2022-10-01,e945yy163,3,2
911,2022-10-01,h081ty93,506,412
912,2022-10-01,h191yo26,1779,1481
913,2022-10-01,h795ek47,138,106
914,2022-10-01,k090mo777,13,9
915,2022-10-01,k140hm198,592,452
916,2022-10-01,k426ek199,39,10
917,2022-10-01,k484kh98,1552,1040
918,2022-10-01,k684mx150,7,7
919,2022-10-01,k894co178,15,12
920,2022-10-01,m244ck38,2,2
921,2022-10-01,m460ho197,153,128
922,2022-10-01,m707mm78,295,220
923,2022-10-01,m973by78,232,140
924,2022-10-01,o386bt40,5,5
925,2022-10-01,o543mc174,2,2
926,2022-10-01,o581kp761,8,8
927,2022-10-01,o658po799,106,94
928,2022-10-01,o783bh790,6793,5051
929,2022-10-01,p176hh198,395,342
930,2022-10-01,p282oe198,89705,73498
931,2022-10-01,p423cp74,1,1
932,2022-10-01,p536kh761,21,21
933,2022-10-01,p803ee56,488,375
934,2022-10-01,t146yc56,807,617
935,2022-10-01,t287at177,1047,900
936,2022-10-01,t531ka77,52,50
937,2022-10-01,t834kx124,28,2
938,2022-10-01,t949kt78,98,82
939,2022-10-01,x035em193,4,4
940,2022-10-01,x085ee98,661,536
941,2022-10-01,x304ak152,2,2
942,2022-10-01,x444bc197,4,1
943,2022-10-01,x922mm56,10,9
944,2022-10-01,y199yc777,5,5
945,2022-10-01,y455co750,693,547
946,2022-10-01,y535ao47,142,77
947,2022-10-01,y769aa178,101,93
948,2022-10-02,a011ko790,75,49
949,2022-10-02,a201ah761,124,82
950,2022-10-02,a307hk156,644,518
951,2022-10-02,a325bt198,98,58
952,2022-10-02,a474ka159,387,315
953,2022-10-02,a713bx790,993,856
954,2022-10-02,a714ht38,1502,1062
955,2022-10-02,a894ep152,76,58
956,2022-10-02,a988ao54,472,436
957,2022-10-02,b144ko147,148,61
958,2022-10-02,b306ab797,1664,1400
959,2022-10-02,b450yk24,12,10
960,2022-10-02,b772ay05,2,2
961,2022-10-02,b795mc156,10,10
962,2022-10-02,c025ex797,1,1
963,2022-10-02,c060cp78,666,472
964,2022-10-02,c610pp39,1,1
965,2022-10-02,c815mp09,40,33
966,2022-10-02,c830bm797,14,13
967,2022-10-02,e040xk196,3,2
968,2022-10-02,e419ac11,20,19
969,2022-10-02,e557ox750,2,2
970,2022-10-02,e945yy163,6,5
971,2022-10-02,h081ty93,500,389
972,2022-10-02,h191yo26,1399,1201
973,2022-10-02,h795ek47,115,93
974,2022-10-02,k090mo777,12,10
975,2022-10-02,k140hm198,451,327
976,2022-10-02,k426ek199,37,10
977,2022-10-02,k484kh98,382,274
978,2022-10-02,k894co178,14,13
979,2022-10-02,m244ck38,1,1
980,2022-10-02,m460ho197,78,62
981,2022-10-02,m707mm78,341,249
982,2022-10-02,m973by78,233,161
983,2022-10-02,o007my790,1,1
984,2022-10-02,o386bt40,4,4
985,2022-10-02,o581kp761,8,7
986,2022-10-02,o658po799,61,55
987,2022-10-02,o783bh790,5591,4137
988,2022-10-02,p176hh198,164,149
989,2022-10-02,p282oe198,28454,23566
990,2022-10-02,p536kh761,34,21
991,2022-10-02,p803ee56,465,342
992,2022-10-02,t146yc56,838,632
993,2022-10-02,t287at177,662,583
994,2022-10-02,t531ka77,61,46
995,2022-10-02,t834kx124,28,3
996,2022-10-02,t949kt78,117,98
997,2022-10-02,x035em193,3,2
998,2022-10-02,x085ee98,389,333
999,2022-10-02,x304ak152,1,1
1000,2022-10-02,x444bc197,15,10
1001,2022-10-02,x630om161,1,1
1002,2022-10-02,x922mm56,10,9
1003,2022-10-02,y199yc777,4,4
1004,2022-10-02,y455co750,561,456
1005,2022-10-02,y535ao47,189,103
1006,2022-10-02,y769aa178,75,71
1007,2022-10-03,a011ko790,32,32
1008,2022-10-03,a201ah761,95,57
1009,2022-10-03,a307hk156,208,171
1010,2022-10-03,a325bt198,97,63
1011,2022-10-03,a474ka159,474,379
1012,2022-10-03,a713bx790,871,733
1013,2022-10-03,a714ht38,1527,1012
1014,2022-10-03,a894ep152,73,52
1015,2022-10-03,a988ao54,328,296
1016,2022-10-03,b144ko147,158,61
1017,2022-10-03,b306ab797,5796,4804
1018,2022-10-03,b450yk24,17,17
1019,2022-10-03,b772ay05,2,2
1020,2022-10-03,b795mc156,4,4
1021,2022-10-03,c060cp78,340,246
1022,2022-10-03,c610pp39,3,3
1023,2022-10-03,c815mp09,45,33
1024,2022-10-03,c830bm797,10,10
1025,2022-10-03,e040xk196,1,1
1026,2022-10-03,e419ac11,23,23
1027,2022-10-03,e557ox750,1234,781
1028,2022-10-03,e945yy163,3,3
1029,2022-10-03,h081ty93,380,304
1030,2022-10-03,h191yo26,1234,1039
1031,2022-10-03,h605ht102,10,2
1032,2022-10-03,h795ek47,102,78
1033,2022-10-03,k090mo777,3,3
1034,2022-10-03,k140hm198,374,293
1035,2022-10-03,k426ek199,44,14
1036,2022-10-03,k484kh98,213,147
1037,2022-10-03,k684mx150,4,4
1038,2022-10-03,k894co178,15,14
1039,2022-10-03,m244ck38,1,1
1040,2022-10-03,m460ho197,51,42
1041,2022-10-03,m707mm78,267,213
1042,2022-10-03,m973by78,232,147
1043,2022-10-03,o007my790,6,6
1044,2022-10-03,o386bt40,4,3
1045,2022-10-03,o581kp761,10,10
1046,2022-10-03,o658po799,51,43
1047,2022-10-03,o783bh790,5059,3780
1048,2022-10-03,p176hh198,117,102
1049,2022-10-03,p282oe198,16557,13563
1050,2022-10-03,p536kh761,18,16
1051,2022-10-03,p803ee56,163,131
1052,2022-10-03,t146yc56,780,555
1053,2022-10-03,t287at177,328,282
1054,2022-10-03,t531ka77,47,44
1055,2022-10-03,t834kx124,24,1
1056,2022-10-03,t949kt78,129,90
1057,2022-10-03,x035em193,1,1
1058,2022-10-03,x085ee98,271,216
1059,2022-10-03,x304ak152,4,3
1060,2022-10-03,x444bc197,54723,43651
1061,2022-10-03,x922mm56,8,6
1062,2022-10-03,y199yc777,5,5
1063,2022-10-03,y455co750,439,367
1064,2022-10-03,y535ao47,171,106
1065,2022-10-03,y769aa178,78,65
1066,2022-10-04,a011ko790,18,18
1067,2022-10-04,a201ah761,90,58
1068,2022-10-04,a307hk156,98,76
1069,2022-10-04,a325bt198,103,65
1070,2022-10-04,a474ka159,113,98
1071,2022-10-04,a713bx790,694,616
1072,2022-10-04,a714ht38,1242,813
1073,2022-10-04,a894ep152,43,38
1074,2022-10-04,a988ao54,206,166
1075,2022-10-04,b144ko147,73,24
1076,2022-10-04,b306ab797,3633,3109
1077,2022-10-04,b450yk24,10,9
1078,2022-10-04,b772ay05,1,1
1079,2022-10-04,b795mc156,9,7
1080,2022-10-04,c060cp78,276,181
1081,2022-10-04,c815mp09,40,27
1082,2022-10-04,c830bm797,19,14
1083,2022-10-04,e015mt51,7,4
1084,2022-10-04,e040xk196,1,1
1085,2022-10-04,e419ac11,22,16
1086,2022-10-04,e557ox750,400,278
1087,2022-10-04,e945yy163,3,3
1088,2022-10-04,h081ty93,317,250
1089,2022-10-04,h191yo26,816,689
1090,2022-10-04,h795ek47,70,56
1091,2022-10-04,k090mo777,19,14
1092,2022-10-04,k140hm198,311,231
1093,2022-10-04,k426ek199,42,12
1094,2022-10-04,k484kh98,132,101
1095,2022-10-04,k684mx150,6,4
1096,2022-10-04,k894co178,8,8
1097,2022-10-04,m260kh18,2,1
1098,2022-10-04,m460ho197,48,39
1099,2022-10-04,m707mm78,243,168
1100,2022-10-04,m973by78,193,117
1101,2022-10-04,o007my790,1,1
1102,2022-10-04,o386bt40,5,4
1103,2022-10-04,o581kp761,2,2
1104,2022-10-04,o658po799,52,35
1105,2022-10-04,o783bh790,4455,3352
1106,2022-10-04,p176hh198,69,58
1107,2022-10-04,p282oe198,9135,7558
1108,2022-10-04,p536kh761,18,10
1109,2022-10-04,p803ee56,72,58
1110,2022-10-04,t146yc56,648,463
1111,2022-10-04,t287at177,233,199
1112,2022-10-04,t531ka77,31,26
1113,2022-10-04,t834kx124,28,2
1114,2022-10-04,t949kt78,102,81
1115,2022-10-04,x085ee98,168,130
1116,2022-10-04,x304ak152,6,4
1117,2022-10-04,x444bc197,19738,15767
1118,2022-10-04,x630om161,1,1
1119,2022-10-04,x922mm56,6,5
1120,2022-10-04,y199yc777,10,8
1121,2022-10-04,y455co750,329,257
1122,2022-10-04,y535ao47,176,91
1123,2022-10-04,y769aa178,91,60
1124,2022-10-05,a011ko790,9,8
1125,2022-10-05,a201ah761,87,46
1126,2022-10-05,a307hk156,73,34
1127,2022-10-05,a325bt198,112,58
1128,2022-10-05,a474ka159,48,31
1129,2022-10-05,a713bx790,843,699
1130,2022-10-05,a714ht38,2617,1601
1131,2022-10-05,a894ep152,52,39
1132,2022-10-05,a988ao54,179,132
1133,2022-10-05,b144ko147,72,28
1134,2022-10-05,b306ab797,1496,1230
1135,2022-10-05,b450yk24,20,14
1136,2022-10-05,b772ay05,3,3
1137,2022-10-05,b795mc156,7,7
1138,2022-10-05,c025ex797,2,2
1139,2022-10-05,c060cp78,196,122
1140,2022-10-05,c610pp39,1,1
1141,2022-10-05,c815mp09,182,119
1142,2022-10-05,c830bm797,10,10
1143,2022-10-05,e015mt51,10465,7674
1144,2022-10-05,e040xk196,272,217
1145,2022-10-05,e419ac11,30,25
1146,2022-10-05,e557ox750,65,50
1147,2022-10-05,e945yy163,1,1
1148,2022-10-05,h081ty93,307,248
1149,2022-10-05,h191yo26,794,631
1150,2022-10-05,h227kx62,2,2
1151,2022-10-05,h795ek47,55,37
1152,2022-10-05,k090mo777,12,12
1153,2022-10-05,k140hm198,313,218
1154,2022-10-05,k426ek199,39,10
1155,2022-10-05,k484kh98,71,49
1156,2022-10-05,k684mx150,5,4
1157,2022-10-05,k894co178,15,15
1158,2022-10-05,m244ck38,1,1
1159,2022-10-05,m460ho197,24,22
1160,2022-10-05,m707mm78,177,144
1161,2022-10-05,m973by78,178,112
1162,2022-10-05,o007my790,1,1
1163,2022-10-05,o386bt40,4,3
1164,2022-10-05,o543mc174,661,454
1165,2022-10-05,o581kp761,12,9
1166,2022-10-05,o658po799,51,18
1167,2022-10-05,o783bh790,3683,2660
1168,2022-10-05,p176hh198,35,30
1169,2022-10-05,p282oe198,5135,4034
1170,2022-10-05,p423cp74,11246,8444
1171,2022-10-05,p536kh761,10,10
1172,2022-10-05,p803ee56,37,28
1173,2022-10-05,t146yc56,803,511
1174,2022-10-05,t287at177,142,116
1175,2022-10-05,t531ka77,46,34
1176,2022-10-05,t834kx124,33,1
1177,2022-10-05,t949kt78,96,74
1178,2022-10-05,x085ee98,156,122
1179,2022-10-05,x304ak152,1272,973
1180,2022-10-05,x444bc197,13187,10115
1181,2022-10-05,x630om161,1,1
1182,2022-10-05,x922mm56,6,4
1183,2022-10-05,y150op77,3,1
1184,2022-10-05,y199yc777,14,12
1185,2022-10-05,y455co750,346,290
1186,2022-10-05,y535ao47,164,92
1187,2022-10-05,y769aa178,125,85
1188,2022-10-06,a011ko790,9,9
1189,2022-10-06,a201ah761,68,31
1190,2022-10-06,a307hk156,56,24
1191,2022-10-06,a325bt198,72,52
1192,2022-10-06,a474ka159,35,21
1193,2022-10-06,a713bx790,692,587
1194,2022-10-06,a714ht38,2149,1307
1195,2022-10-06,a894ep152,34,21
1196,2022-10-06,a988ao54,131,104
1197,2022-10-06,b144ko147,58,26
1198,2022-10-06,b306ab797,1113,878
1199,2022-10-06,b450yk24,4,4
1200,2022-10-06,b772ay05,2,2
1201,2022-10-06,b795mc156,4,4
1202,2022-10-06,c060cp78,175,105
1203,2022-10-06,c610pp39,1,1
1204,2022-10-06,c815mp09,6437,4677
1205,2022-10-06,c830bm797,8,8
1206,2022-10-06,e015mt51,12289,9129
1207,2022-10-06,e040xk196,31,17
1208,2022-10-06,e419ac11,21,16
1209,2022-10-06,e557ox750,50,25
1210,2022-10-06,e945yy163,3,2
1211,2022-10-06,h081ty93,306,225
1212,2022-10-06,h191yo26,719,625
1213,2022-10-06,h227kx62,4587,3424
1214,2022-10-06,h605ht102,1,1
1215,2022-10-06,h795ek47,47,39
1216,2022-10-06,k090mo777,7,6
1217,2022-10-06,k140hm198,261,195
1218,2022-10-06,k426ek199,41,8
1219,2022-10-06,k484kh98,44,38
1220,2022-10-06,k684mx150,3,2
1221,2022-10-06,k894co178,13,13
1222,2022-10-06,m244ck38,1,1
1223,2022-10-06,m260kh18,2,1
1224,2022-10-06,m460ho197,20,17
1225,2022-10-06,m707mm78,176,148
1226,2022-10-06,m973by78,167,121
1227,2022-10-06,o386bt40,2,2
1228,2022-10-06,o543mc174,174,108
1229,2022-10-06,o581kp761,7,7
1230,2022-10-06,o658po799,51,26
1231,2022-10-06,o783bh790,3186,2274
1232,2022-10-06,p176hh198,22,21
1233,2022-10-06,p282oe198,3787,2969
1234,2022-10-06,p423cp74,2204,1662
1235,2022-10-06,p536kh761,17,13
1236,2022-10-06,p803ee56,12,11
1237,2022-10-06,t146yc56,822,550
1238,2022-10-06,t287at177,110,100
1239,2022-10-06,t531ka77,23,19
1240,2022-10-06,t834kx124,15,1
1241,2022-10-06,t949kt78,94,83
1242,2022-10-06,x035em193,1,1
1243,2022-10-06,x085ee98,138,99
1244,2022-10-06,x137ke56,1,1
1245,2022-10-06,x304ak152,1455,1145
1246,2022-10-06,x444bc197,10738,8382
1247,2022-10-06,x630om161,6,1
1248,2022-10-06,x922mm56,7,3
1249,2022-10-06,x947yk174,35,3
1250,2022-10-06,y150op77,1,1
1251,2022-10-06,y199yc777,8,8
1252,2022-10-06,y455co750,253,206
1253,2022-10-06,y535ao47,168,84
1254,2022-10-06,y769aa178,108,74
1255,2022-10-07,a011ko790,6,5
1256,2022-10-07,a201ah761,61,28
1257,2022-10-07,a307hk156,43,13
1258,2022-10-07,a325bt198,46,34
1259,2022-10-07,a474ka159,18,16
1260,2022-10-07,a713bx790,641,541
1261,2022-10-07,a714ht38,1672,1019
1262,2022-10-07,a894ep152,25,17
1263,2022-10-07,a988ao54,119,107
1264,2022-10-07,b144ko147,21,20
1265,2022-10-07,b306ab797,736,613
1266,2022-10-07,b450yk24,1,1
1267,2022-10-07,b772ay05,1,1
1268,2022-10-07,b795mc156,7,5
1269,2022-10-07,c025ex797,1,1
1270,2022-10-07,c060cp78,106,70
1271,2022-10-07,c610pp39,2,2
1272,2022-10-07,c815mp09,1456,1040
1273,2022-10-07,c830bm797,8,8
1274,2022-10-07,e015mt51,2352,1651
1275,2022-10-07,e040xk196,14,11
1276,2022-10-07,e100pe61,42,36
1277,2022-10-07,e419ac11,28,24
1278,2022-10-07,e557ox750,13,13
1279,2022-10-07,e945yy163,3,2
1280,2022-10-07,h081ty93,233,161
1281,2022-10-07,h191yo26,625,520
1282,2022-10-07,h227kx62,4131,3031
1283,2022-10-07,h605ht102,119,91
1284,2022-10-07,h795ek47,32,28
1285,2022-10-07,k090mo777,8,8
1286,2022-10-07,k140hm198,245,169
1287,2022-10-07,k426ek199,33,5
1288,2022-10-07,k484kh98,34,27
1289,2022-10-07,k684mx150,1,1
1290,2022-10-07,k894co178,5,4
1291,2022-10-07,m244ck38,1,1
1292,2022-10-07,m460ho197,13,11
1293,2022-10-07,m707mm78,168,115
1294,2022-10-07,m973by78,152,117
1295,2022-10-07,o007my790,2,1
1296,2022-10-07,o386bt40,5,3
1297,2022-10-07,o543mc174,77,56
1298,2022-10-07,o581kp761,7,7
1299,2022-10-07,o658po799,45,13
1300,2022-10-07,o783bh790,2930,2144
1301,2022-10-07,p176hh198,29,28
1302,2022-10-07,p282oe198,2944,2299
1303,2022-10-07,p423cp74,885,643
1304,2022-10-07,p536kh761,26,24
1305,2022-10-07,p803ee56,11,11
1306,2022-10-07,t146yc56,732,480
1307,2022-10-07,t287at177,79,70
1308,2022-10-07,t531ka77,21,19
1309,2022-10-07,t949kt78,101,68
1310,2022-10-07,x035em193,115,78
1311,2022-10-07,x085ee98,100,91
1312,2022-10-07,x304ak152,313,243
1313,2022-10-07,x444bc197,6285,4860
1314,2022-10-07,x630om161,609,470
1315,2022-10-07,x922mm56,4,4
1316,2022-10-07,x947yk174,1,1
1317,2022-10-07,y199yc777,4,3
1318,2022-10-07,y455co750,254,216
1319,2022-10-07,y535ao47,152,70
1320,2022-10-07,y769aa178,102,73
1321,2022-10-08,a011ko790,13,8
1322,2022-10-08,a201ah761,63,32
1323,2022-10-08,a307hk156,42,9
1324,2022-10-08,a325bt198,52,51
1325,2022-10-08,a474ka159,15,13
1326,2022-10-08,a713bx790,669,567
1327,2022-10-08,a714ht38,1527,961
1328,2022-10-08,a894ep152,15,15
1329,2022-10-08,a988ao54,128,107
1330,2022-10-08,b144ko147,22,21
1331,2022-10-08,b306ab797,737,565
1332,2022-10-08,b450yk24,3,3
1333,2022-10-08,b772ay05,1,1
1334,2022-10-08,b795mc156,7,7
1335,2022-10-08,c025ex797,1,1
1336,2022-10-08,c060cp78,76,53
1337,2022-10-08,c610pp39,72946,57072
1338,2022-10-08,c815mp09,931,706
1339,2022-10-08,c830bm797,5,5
1340,2022-10-08,e015mt51,1470,1087
1341,2022-10-08,e040xk196,7,6
1342,2022-10-08,e100pe61,8,8
1343,2022-10-08,e419ac11,20,16
1344,2022-10-08,e557ox750,16,9
1345,2022-10-08,h081ty93,205,156
1346,2022-10-08,h191yo26,1291,1113
1347,2022-10-08,h227kx62,1441,1088
1348,2022-10-08,h605ht102,35,28
1349,2022-10-08,h795ek47,32,22
1350,2022-10-08,k090mo777,4,4
1351,2022-10-08,k140hm198,175,126
1352,2022-10-08,k426ek199,54,19
1353,2022-10-08,k484kh98,31,23
1354,2022-10-08,k894co178,5,5
1355,2022-10-08,m244ck38,6,5
1356,2022-10-08,m260kh18,1,1
1357,2022-10-08,m460ho197,15,12
1358,2022-10-08,m707mm78,143,121
1359,2022-10-08,m973by78,99,71
1360,2022-10-08,o386bt40,2,2
1361,2022-10-08,o543mc174,42,34
1362,2022-10-08,o581kp761,5,4
1363,2022-10-08,o658po799,39,11
1364,2022-10-08,o783bh790,2514,1806
1365,2022-10-08,p176hh198,19,18
1366,2022-10-08,p282oe198,2367,1887
1367,2022-10-08,p423cp74,525,390
1368,2022-10-08,p536kh761,8,8
1369,2022-10-08,p803ee56,16,16
1370,2022-10-08,t146yc56,769,533
1371,2022-10-08,t287at177,92,83
1372,2022-10-08,t531ka77,21,21
1373,2022-10-08,t949kt78,79,46
1374,2022-10-08,x035em193,121,79
1375,2022-10-08,x085ee98,96,71
1376,2022-10-08,x304ak152,262,198
1377,2022-10-08,x444bc197,4817,3728
1378,2022-10-08,x630om161,188,161
1379,2022-10-08,y150op77,3,2
1380,2022-10-08,y199yc777,1,1
1381,2022-10-08,y455co750,261,212
1382,2022-10-08,y535ao47,140,74
1383,2022-10-08,y769aa178,92,58
1384,2022-10-09,a011ko790,9,8
1385,2022-10-09,a201ah761,62,31
1386,2022-10-09,a307hk156,38,12
1387,2022-10-09,a325bt198,59,51
1388,2022-10-09,a474ka159,8,5
1389,2022-10-09,a713bx790,665,554
1390,2022-10-09,a714ht38,1650,1096
1391,2022-10-09,a894ep152,27,19
1392,2022-10-09,a988ao54,117,98
1393,2022-10-09,b144ko147,27,15
1394,2022-10-09,b306ab797,598,481
1395,2022-10-09,b450yk24,2,2
1396,2022-10-09,b772ay05,2,2
1397,2022-10-09,b795mc156,5,5
1398,2022-10-09,c025ex797,1,1
1399,2022-10-09,c060cp78,91,63
1400,2022-10-09,c610pp39,34257,26943
1401,2022-10-09,c815mp09,729,548
1402,2022-10-09,c830bm797,6,4
1403,2022-10-09,e015mt51,988,707
1404,2022-10-09,e040xk196,17,17
1405,2022-10-09,e100pe61,9,9
1406,2022-10-09,e419ac11,18,16
1407,2022-10-09,e557ox750,6,6
1408,2022-10-09,e945yy163,6,4
1409,2022-10-09,h081ty93,211,167
1410,2022-10-09,h191yo26,1165,958
1411,2022-10-09,h227kx62,1000,735
1412,2022-10-09,h605ht102,17,11
1413,2022-10-09,h795ek47,28,24
1414,2022-10-09,k090mo777,3,3
1415,2022-10-09,k140hm198,163,100
1416,2022-10-09,k426ek199,39,11
1417,2022-10-09,k484kh98,12,11
1418,2022-10-09,k684mx150,1,1
1419,2022-10-09,k894co178,7,7
1420,2022-10-09,m260kh18,144,117
1421,2022-10-09,m460ho197,18,17
1422,2022-10-09,m707mm78,184,145
1423,2022-10-09,m973by78,135,102
1424,2022-10-09,o386bt40,6,5
1425,2022-10-09,o543mc174,39,25
1426,2022-10-09,o581kp761,3,3
1427,2022-10-09,o658po799,40,16
1428,2022-10-09,o783bh790,3266,2389
1429,2022-10-09,p176hh198,25,25
1430,2022-10-09,p282oe198,2242,1743
1431,2022-10-09,p423cp74,403,278
1432,2022-10-09,p536kh761,11,7
1433,2022-10-09,p803ee56,9,9
1434,2022-10-09,t146yc56,900,656
1435,2022-10-09,t287at177,80,68
1436,2022-10-09,t531ka77,27,21
1437,2022-10-09,t834kx124,1,1
1438,2022-10-09,t949kt78,81,68
1439,2022-10-09,x035em193,39,29
1440,2022-10-09,x085ee98,90,80
1441,2022-10-09,x304ak152,176,116
1442,2022-10-09,x444bc197,4501,3511
1443,2022-10-09,x630om161,92,63
1444,2022-10-09,x922mm56,5,3
1445,2022-10-09,x947yk174,2,2
1446,2022-10-09,y150op77,2,2
1447,2022-10-09,y455co750,220,178
1448,2022-10-09,y535ao47,118,61
1449,2022-10-09,y769aa178,117,81
1450,2022-10-10,a011ko790,14,12
1451,2022-10-10,a201ah761,58,25
1452,2022-10-10,a307hk156,38,9
1453,2022-10-10,a325bt198,49,26
1454,2022-10-10,a474ka159,12,11
1455,2022-10-10,a713bx790,538,479
1456,2022-10-10,a714ht38,1766,1062
1457,2022-10-10,a894ep152,32,25
1458,2022-10-10,a988ao54,114,89
1459,2022-10-10,b144ko147,25,19
1460,2022-10-10,b306ab797,526,431
1461,2022-10-10,b450yk24,1,1
1462,2022-10-10,b772ay05,1,1
1463,2022-10-10,b795mc156,7,6
1464,2022-10-10,c060cp78,48,33
1465,2022-10-10,c610pp39,7984,6400
1466,2022-10-10,c815mp09,504,370
1467,2022-10-10,c830bm797,7,7
1468,2022-10-10,e015mt51,485,332
1469,2022-10-10,e040xk196,9,5
1470,2022-10-10,e100pe61,6,5
1471,2022-10-10,e419ac11,24,22
1472,2022-10-10,e557ox750,7,7
1473,2022-10-10,e945yy163,1,1
1474,2022-10-10,h081ty93,156,131
1475,2022-10-10,h191yo26,742,624
1476,2022-10-10,h227kx62,515,387
1477,2022-10-10,h605ht102,10,8
1478,2022-10-10,h795ek47,29,25
1479,2022-10-10,k090mo777,2,2
1480,2022-10-10,k140hm198,189,128
1481,2022-10-10,k426ek199,39,12
1482,2022-10-10,k484kh98,8,7
1483,2022-10-10,k684mx150,1,1
1484,2022-10-10,k894co178,10,9
1485,2022-10-10,m244ck38,3,3
1486,2022-10-10,m260kh18,124,102
1487,2022-10-10,m460ho197,16,13
1488,2022-10-10,m707mm78,144,112
1489,2022-10-10,m973by78,107,63
1490,2022-10-10,o007my790,1,1
1491,2022-10-10,o386bt40,2,2
1492,2022-10-10,o543mc174,23,17
1493,2022-10-10,o581kp761,6,6
1494,2022-10-10,o658po799,43,16
1495,2022-10-10,o783bh790,2840,2086
1496,2022-10-10,p176hh198,24,24
1497,2022-10-10,p282oe198,1748,1404
1498,2022-10-10,p423cp74,237,175
1499,2022-10-10,p536kh761,16,16
1500,2022-10-10,p803ee56,14,14
1501,2022-10-10,t146yc56,1011,704
1502,2022-10-10,t287at177,765,624
1503,2022-10-10,t531ka77,22,20
1504,2022-10-10,t834kx124,1,1
1505,2022-10-10,t949kt78,78,53
1506,2022-10-10,x035em193,19,16
1507,2022-10-10,x085ee98,99,73
1508,2022-10-10,x304ak152,69,53
1509,2022-10-10,x444bc197,3017,2378
1510,2022-10-10,x630om161,126,101
1511,2022-10-10,x922mm56,7,5
1512,2022-10-10,y150op77,1218,711
1513,2022-10-10,y199yc777,4,4
1514,2022-10-10,y455co750,201,152
1515,2022-10-10,y535ao47,144,64
1516,2022-10-10,y769aa178,111,72
1517,2022-10-11,a011ko790,8,5
1518,2022-10-11,a201ah761,46,16
1519,2022-10-11,a307hk156,31,6
1520,2022-10-11,a325bt198,51,33
1521,2022-10-11,a474ka159,9,8
1522,2022-10-11,a713bx790,486,395
1523,2022-10-11,a714ht38,1379,895
1524,2022-10-11,a894ep152,25,21
1525,2022-10-11,a988ao54,95,71
1526,2022-10-11,b144ko147,11,6
1527,2022-10-11,b306ab797,398,351
1528,2022-10-11,b450yk24,3,3
1529,2022-10-11,b772ay05,1,1
1530,2022-10-11,b795mc156,5,4
1531,2022-10-11,c060cp78,52,37
1532,2022-10-11,c610pp39,3170,2588
1533,2022-10-11,c815mp09,341,253
1534,2022-10-11,c830bm797,11,10
1535,2022-10-11,e015mt51,314,224
1536,2022-10-11,e040xk196,5,5
1537,2022-10-11,e100pe61,19,17
1538,2022-10-11,e419ac11,18,15
1539,2022-10-11,e557ox750,6,3
1540,2022-10-11,h081ty93,177,136
1541,2022-10-11,h191yo26,582,480
1542,2022-10-11,h227kx62,332,242
1543,2022-10-11,h605ht102,8,5
1544,2022-10-11,h795ek47,22,18
1545,2022-10-11,k090mo777,10,6
1546,2022-10-11,k140hm198,145,90
1547,2022-10-11,k426ek199,39,6
1548,2022-10-11,k484kh98,13,12
1549,2022-10-11,k684mx150,1,1
1550,2022-10-11,k894co178,1,1
1551,2022-10-11,m244ck38,2,2
1552,2022-10-11,m260kh18,38,28
1553,2022-10-11,m460ho197,21,19
1554,2022-10-11,m707mm78,144,109
1555,2022-10-11,m973by78,72,59
1556,2022-10-11,o386bt40,3,3
1557,2022-10-11,o543mc174,24,18
1558,2022-10-11,o581kp761,7,5
1559,2022-10-11,o658po799,39,9
1560,2022-10-11,o783bh790,1710,1248
1561,2022-10-11,p176hh198,17,17
1562,2022-10-11,p282oe198,1262,999
1563,2022-10-11,p423cp74,419,332
1564,2022-10-11,p536kh761,7,6
1565,2022-10-11,p803ee56,7,7
1566,2022-10-11,t146yc56,770,546
1567,2022-10-11,t287at177,180,155
1568,2022-10-11,t531ka77,20,12
1569,2022-10-11,t949kt78,57,47
1570,2022-10-11,x035em193,10,8
1571,2022-10-11,x085ee98,89,73
1572,2022-10-11,x304ak152,40,34
1573,2022-10-11,x444bc197,1987,1552
1574,2022-10-11,x630om161,101,74
1575,2022-10-11,x922mm56,10,4
1576,2022-10-11,y150op77,245,153
1577,2022-10-11,y199yc777,4,4
1578,2022-10-11,y455co750,134,113
1579,2022-10-11,y535ao47,111,56
1580,2022-10-11,y769aa178,150,77
1581,2022-10-12,a011ko790,8,7
1582,2022-10-12,a201ah761,57,27
1583,2022-10-12,a307hk156,33,7
1584,2022-10-12,a325bt198,30,28
1585,2022-10-12,a474ka159,3,3
1586,2022-10-12,a713bx790,467,394
1587,2022-10-12,a714ht38,1511,973
1588,2022-10-12,a894ep152,39,25
1589,2022-10-12,a988ao54,78,63
1590,2022-10-12,b144ko147,23,11
1591,2022-10-12,b306ab797,351,279
1592,2022-10-12,b450yk24,1,1
1593,2022-10-12,b795mc156,3,2
1594,2022-10-12,c060cp78,105,58
1595,2022-10-12,c610pp39,2023,1674
1596,2022-10-12,c815mp09,258,195
1597,2022-10-12,c830bm797,9,5
1598,2022-10-12,e015mt51,240,162
1599,2022-10-12,e040xk196,16,7
1600,2022-10-12,e100pe61,7,7
1601,2022-10-12,e419ac11,12,11
1602,2022-10-12,e557ox750,8,6
1603,2022-10-12,e945yy163,2,2
1604,2022-10-12,h081ty93,142,105
1605,2022-10-12,h191yo26,506,427
1606,2022-10-12,h227kx62,223,186
1607,2022-10-12,h605ht102,116,89
1608,2022-10-12,h795ek47,15,14
1609,2022-10-12,k090mo777,3,3
1610,2022-10-12,k140hm198,165,118
1611,2022-10-12,k426ek199,27,3
1612,2022-10-12,k484kh98,15,8
1613,2022-10-12,k684mx150,3,3
1614,2022-10-12,k894co178,7,5
1615,2022-10-12,m244ck38,2,2
1616,2022-10-12,m260kh18,30,14
1617,2022-10-12,m460ho197,15,15
1618,2022-10-12,m707mm78,201,148
1619,2022-10-12,m973by78,76,52
1620,2022-10-12,o386bt40,2,2
1621,2022-10-12,o543mc174,23,14
1622,2022-10-12,o581kp761,7,7
1623,2022-10-12,o658po799,35,8
1624,2022-10-12,o783bh790,1559,1143
1625,2022-10-12,p176hh198,14,14
1626,2022-10-12,p282oe198,1070,860
1627,2022-10-12,p423cp74,135,107
1628,2022-10-12,p536kh761,4,4
1629,2022-10-12,p803ee56,11,11
1630,2022-10-12,t146yc56,885,607
1631,2022-10-12,t287at177,127,111
1632,2022-10-12,t531ka77,13,11
1633,2022-10-12,t949kt78,38,25
1634,2022-10-12,x035em193,10,9
1635,2022-10-12,x085ee98,99,75
1636,2022-10-12,x304ak152,31,29
1637,2022-10-12,x444bc197,2111,1695
1638,2022-10-12,x630om161,112,97
1639,2022-10-12,x922mm56,2,2
1640,2022-10-12,y150op77,113,72
1641,2022-10-12,y199yc777,2,2
1642,2022-10-12,y455co750,95,81
1643,2022-10-12,y535ao47,106,51
1644,2022-10-12,y769aa178,129,87
1645,2022-10-13,a011ko790,4,3
1646,2022-10-13,a201ah761,41,18
1647,2022-10-13,a307hk156,34,5
1648,2022-10-13,a325bt198,34,30
1649,2022-10-13,a474ka159,2,2
1650,2022-10-13,a713bx790,402,350
1651,2022-10-13,a714ht38,1482,931
1652,2022-10-13,a894ep152,29,18
1653,2022-10-13,a988ao54,50,48
1654,2022-10-13,b144ko147,16,7
1655,2022-10-13,b306ab797,332,267
1656,2022-10-13,b450yk24,8,8
1657,2022-10-13,b772ay05,1,1
1658,2022-10-13,b795mc156,2,2
1659,2022-10-13,c060cp78,101,57
1660,2022-10-13,c610pp39,1586,1284
1661,2022-10-13,c815mp09,266,201
1662,2022-10-13,c830bm797,10,8
1663,2022-10-13,e015mt51,172,111
1664,2022-10-13,e040xk196,8,5
1665,2022-10-13,e100pe61,12,11
1666,2022-10-13,e419ac11,12,10
1667,2022-10-13,e557ox750,11,11
1668,2022-10-13,e945yy163,1,1
1669,2022-10-13,h081ty93,157,138
1670,2022-10-13,h191yo26,444,392
1671,2022-10-13,h227kx62,1313,1004
1672,2022-10-13,h605ht102,30,23
1673,2022-10-13,h795ek47,24,21
1674,2022-10-13,k090mo777,2,2
1675,2022-10-13,k140hm198,145,111
1676,2022-10-13,k426ek199,15,3
1677,2022-10-13,k484kh98,20,14
1678,2022-10-13,k684mx150,1,1
1679,2022-10-13,k894co178,2,2
1680,2022-10-13,m244ck38,337,302
1681,2022-10-13,m260kh18,16,8
1682,2022-10-13,m460ho197,15,14
1683,2022-10-13,m707mm78,183,130
1684,2022-10-13,m973by78,108,64
1685,2022-10-13,o007my790,1,1
1686,2022-10-13,o386bt40,2,2
1687,2022-10-13,o543mc174,21,18
1688,2022-10-13,o581kp761,9,9
1689,2022-10-13,o658po799,36,11
1690,2022-10-13,o783bh790,1614,1193
1691,2022-10-13,p176hh198,8,8
1692,2022-10-13,p282oe198,912,717
1693,2022-10-13,p423cp74,100,85
1694,2022-10-13,p536kh761,10,9
1695,2022-10-13,p803ee56,13,11
1696,2022-10-13,t146yc56,843,603
1697,2022-10-13,t287at177,71,65
1698,2022-10-13,t531ka77,19,15
1699,2022-10-13,t949kt78,68,42
1700,2022-10-13,x035em193,21,7
1701,2022-10-13,x085ee98,97,76
1702,2022-10-13,x304ak152,25,21
1703,2022-10-13,x444bc197,1910,1505
1704,2022-10-13,x630om161,56,49
1705,2022-10-13,x922mm56,2,1
1706,2022-10-13,x947yk174,1424,906
1707,2022-10-13,y150op77,103,56
1708,2022-10-13,y199yc777,2,2
1709,2022-10-13,y455co750,80,63
1710,2022-10-13,y535ao47,119,74
1711,2022-10-13,y769aa178,84,54
1712,2022-10-14,a011ko790,5,4
1713,2022-10-14,a201ah761,70,38
1714,2022-10-14,a307hk156,22,1
1715,2022-10-14,a325bt198,31,29
1716,2022-10-14,a474ka159,3,3
1717,2022-10-14,a713bx790,401,342
1718,2022-10-14,a714ht38,1814,1053
1719,2022-10-14,a894ep152,41,35
1720,2022-10-14,a988ao54,88,75
1721,2022-10-14,b144ko147,26,10
1722,2022-10-14,b306ab797,344,282
1723,2022-10-14,b450yk24,2,2
1724,2022-10-14,b795mc156,9,8
1725,2022-10-14,c060cp78,87,52
1726,2022-10-14,c610pp39,1851,1454
1727,2022-10-14,c815mp09,225,178
1728,2022-10-14,c830bm797,6,6
1729,2022-10-14,e015mt51,140,84
1730,2022-10-14,e040xk196,7,6
1731,2022-10-14,e100pe61,7,7
1732,2022-10-14,e419ac11,9,9
1733,2022-10-14,e557ox750,2,2
1734,2022-10-14,e945yy163,5,4
1735,2022-10-14,h081ty93,138,97
1736,2022-10-14,h191yo26,409,347
1737,2022-10-14,h227kx62,880,712
1738,2022-10-14,h605ht102,23,18
1739,2022-10-14,h795ek47,35,27
1740,2022-10-14,k140hm198,142,101
1741,2022-10-14,k426ek199,9,7
1742,2022-10-14,k484kh98,9,8
1743,2022-10-14,k684mx150,1,1
1744,2022-10-14,k894co178,5,5
1745,2022-10-14,m244ck38,154,133
1746,2022-10-14,m260kh18,7,7
1747,2022-10-14,m460ho197,10,9
1748,2022-10-14,m707mm78,162,123
1749,2022-10-14,m973by78,95,70
1750,2022-10-14,o386bt40,4,3
1751,2022-10-14,o543mc174,17,10
1752,2022-10-14,o581kp761,3,2
1753,2022-10-14,o658po799,30,8
1754,2022-10-14,o783bh790,1813,1373
1755,2022-10-14,p176hh198,11,10
1756,2022-10-14,p282oe198,775,607
1757,2022-10-14,p423cp74,56,39
1758,2022-10-14,p536kh761,7,7
1759,2022-10-14,p803ee56,10,9
1760,2022-10-14,t146yc56,960,610
1761,2022-10-14,t287at177,55,52
1762,2022-10-14,t531ka77,18,16
1763,2022-10-14,t949kt78,48,39
1764,2022-10-14,x035em193,29,5
1765,2022-10-14,x085ee98,92,68
1766,2022-10-14,x304ak152,16,15
1767,2022-10-14,x444bc197,1445,1152
1768,2022-10-14,x630om161,49,34
1769,2022-10-14,x922mm56,6,2
1770,2022-10-14,x947yk174,2925,1839
1771,2022-10-14,y150op77,57,21
1772,2022-10-14,y455co750,96,70
1773,2022-10-14,y535ao47,123,67
1774,2022-10-14,y769aa178,84,54
1775,2022-10-15,a011ko790,2,2
1776,2022-10-15,a201ah761,40,16
1777,2022-10-15,a307hk156,17,7
1778,2022-10-15,a325bt198,26,24
1779,2022-10-15,a474ka159,2,2
1780,2022-10-15,a713bx790,322,278
1781,2022-10-15,a714ht38,1507,958
1782,2022-10-15,a894ep152,26,26
1783,2022-10-15,a988ao54,44,36
1784,2022-10-15,b144ko147,5,5
1785,2022-10-15,b306ab797,271,226
1786,2022-10-15,b450yk24,6,4
1787,2022-10-15,b772ay05,1,1
1788,2022-10-15,b795mc156,1,1
1789,2022-10-15,c060cp78,118,73
1790,2022-10-15,c610pp39,3213,2585
1791,2022-10-15,c815mp09,195,144
1792,2022-10-15,c830bm797,8,8
1793,2022-10-15,e015mt51,153,81
1794,2022-10-15,e040xk196,5,4
1795,2022-10-15,e100pe61,8,8
1796,2022-10-15,e419ac11,11,9
1797,2022-10-15,e945yy163,4,4
1798,2022-10-15,h081ty93,130,111
1799,2022-10-15,h191yo26,685,558
1800,2022-10-15,h227kx62,336,277
1801,2022-10-15,h605ht102,12,9
1802,2022-10-15,h795ek47,13,12
1803,2022-10-15,k090mo777,2,2
1804,2022-10-15,k140hm198,138,104
1805,2022-10-15,k426ek199,9,4
1806,2022-10-15,k484kh98,5,5
1807,2022-10-15,k684mx150,2,1
1808,2022-10-15,k894co178,3,3
1809,2022-10-15,m244ck38,60,51
1810,2022-10-15,m260kh18,6,5
1811,2022-10-15,m460ho197,8,8
1812,2022-10-15,m707mm78,92,72
1813,2022-10-15,m973by78,76,54
1814,2022-10-15,o007my790,1,1
1815,2022-10-15,o386bt40,3,3
1816,2022-10-15,o543mc174,15,11
1817,2022-10-15,o581kp761,10,9
1818,2022-10-15,o658po799,16,7
1819,2022-10-15,o783bh790,1523,1121
1820,2022-10-15,p176hh198,9,7
1821,2022-10-15,p282oe198,659,520
1822,2022-10-15,p423cp74,45,37
1823,2022-10-15,p536kh761,12,11
1824,2022-10-15,p803ee56,3,3
1825,2022-10-15,t146yc56,880,653
1826,2022-10-15,t287at177,52,42
1827,2022-10-15,t531ka77,21,18
1828,2022-10-15,t949kt78,40,32
1829,2022-10-15,x035em193,23,2
1830,2022-10-15,x085ee98,88,74
1831,2022-10-15,x304ak152,20,20
1832,2022-10-15,x444bc197,1025,818
1833,2022-10-15,x630om161,46,27
1834,2022-10-15,x922mm56,3,3
1835,2022-10-15,x947yk174,826,430
1836,2022-10-15,y150op77,60,22
1837,2022-10-15,y455co750,89,72
1838,2022-10-15,y535ao47,100,49
1839,2022-10-15,y769aa178,65,45
1840,2022-10-16,a011ko790,1,1
1841,2022-10-16,a201ah761,53,26
1842,2022-10-16,a307hk156,4,3
1843,2022-10-16,a325bt198,45,37
1844,2022-10-16,a474ka159,7,7
1845,2022-10-16,a713bx790,371,317
1846,2022-10-16,a714ht38,1965,1173
1847,2022-10-16,a894ep152,27,21
1848,2022-10-16,a988ao54,117,93
1849,2022-10-16,b144ko147,49,13
1850,2022-10-16,b306ab797,417,348
1851,2022-10-16,b450yk24,14,13
1852,2022-10-16,b795mc156,2,1
1853,2022-10-16,c060cp78,98,59
1854,2022-10-16,c610pp39,2828,2322
1855,2022-10-16,c815mp09,220,149
1856,2022-10-16,c830bm797,172,155
1857,2022-10-16,e015mt51,144,87
1858,2022-10-16,e040xk196,4,4
1859,2022-10-16,e100pe61,12,11
1860,2022-10-16,e419ac11,7,7
1861,2022-10-16,e557ox750,5,5
1862,2022-10-16,e945yy163,1,1
1863,2022-10-16,h081ty93,125,87
1864,2022-10-16,h191yo26,890,706
1865,2022-10-16,h227kx62,226,180
1866,2022-10-16,h605ht102,10,9
1867,2022-10-16,h795ek47,29,25
1868,2022-10-16,k090mo777,7,3
1869,2022-10-16,k140hm198,205,122
1870,2022-10-16,k426ek199,7,4
1871,2022-10-16,k484kh98,11,10
1872,2022-10-16,k684mx150,1,1
1873,2022-10-16,k894co178,3,3
1874,2022-10-16,m244ck38,70,59
1875,2022-10-16,m260kh18,7,6
1876,2022-10-16,m460ho197,12,12
1877,2022-10-16,m707mm78,127,97
1878,2022-10-16,m973by78,67,47
1879,2022-10-16,o007my790,1,1
1880,2022-10-16,o386bt40,5,5
1881,2022-10-16,o543mc174,19,10
1882,2022-10-16,o581kp761,9,8
1883,2022-10-16,o658po799,8,7
1884,2022-10-16,o783bh790,1965,1377
1885,2022-10-16,p176hh198,43,37
1886,2022-10-16,p282oe198,872,712
1887,2022-10-16,p423cp74,55,42
1888,2022-10-16,p536kh761,8,8
1889,2022-10-16,p803ee56,10,8
1890,2022-10-16,t146yc56,1014,671
1891,2022-10-16,t287at177,50,38
1892,2022-10-16,t531ka77,20,18
1893,2022-10-16,t949kt78,62,47
1894,2022-10-16,x035em193,30,4
1895,2022-10-16,x085ee98,173,119
1896,2022-10-16,x304ak152,15,15
1897,2022-10-16,x444bc197,1061,805
1898,2022-10-16,x630om161,29,25
1899,2022-10-16,x922mm56,1,1
1900,2022-10-16,x947yk174,537,307
1901,2022-10-16,y150op77,61,15
1902,2022-10-16,y199yc777,1,1
1903,2022-10-16,y455co750,179,152
1904,2022-10-16,y535ao47,139,75
1905,2022-10-16,y769aa178,63,56
1906,2022-10-17,a011ko790,4,4
1907,2022-10-17,a201ah761,25,14
1908,2022-10-17,a307hk156,6,6
1909,2022-10-17,a325bt198,30,28
1910,2022-10-17,a474ka159,6,6
1911,2022-10-17,a713bx790,212,187
1912,2022-10-17,a714ht38,1729,1031
1913,2022-10-17,a894ep152,15,13
1914,2022-10-17,a988ao54,72,67
1915,2022-10-17,b144ko147,40,17
1916,2022-10-17,b306ab797,249,196
1917,2022-10-17,b450yk24,7,6
1918,2022-10-17,b795mc156,2,2
1919,2022-10-17,c060cp78,72,51
1920,2022-10-17,c610pp39,1019,861
1921,2022-10-17,c815mp09,135,111
1922,2022-10-17,c830bm797,57,42
1923,2022-10-17,e015mt51,93,54
1924,2022-10-17,e040xk196,1,1
1925,2022-10-17,e100pe61,10,9
1926,2022-10-17,e419ac11,8,8
1927,2022-10-17,e557ox750,3,3
1928,2022-10-17,h081ty93,90,62
1929,2022-10-17,h191yo26,444,372
1930,2022-10-17,h227kx62,118,97
1931,2022-10-17,h605ht102,5,5
1932,2022-10-17,h795ek47,27,25
1933,2022-10-17,k090mo777,3,2
1934,2022-10-17,k140hm198,168,140
1935,2022-10-17,k426ek199,17,12
1936,2022-10-17,k484kh98,9,9
1937,2022-10-17,k894co178,2,2
1938,2022-10-17,m244ck38,39,32
1939,2022-10-17,m260kh18,2,1
1940,2022-10-17,m460ho197,5,4
1941,2022-10-17,m707mm78,109,76
1942,2022-10-17,m973by78,50,41
1943,2022-10-17,o007my790,2,2
1944,2022-10-17,o543mc174,10,7
1945,2022-10-17,o581kp761,3,3
1946,2022-10-17,o658po799,8,8
1947,2022-10-17,o783bh790,1200,853
1948,2022-10-17,p176hh198,11,11
1949,2022-10-17,p282oe198,573,477
1950,2022-10-17,p423cp74,32,25
1951,2022-10-17,p536kh761,7,7
1952,2022-10-17,p803ee56,6,6
1953,2022-10-17,t146yc56,677,415
1954,2022-10-17,t287at177,32,29
1955,2022-10-17,t531ka77,20,13
1956,2022-10-17,t949kt78,32,23
1957,2022-10-17,x035em193,11,2
1958,2022-10-17,x085ee98,111,81
1959,2022-10-17,x304ak152,14,10
1960,2022-10-17,x444bc197,520,409
1961,2022-10-17,x630om161,14,13
1962,2022-10-17,x947yk174,307,173
1963,2022-10-17,y150op77,29,15
1964,2022-10-17,y199yc777,1,1
1965,2022-10-17,y455co750,81,61
1966,2022-10-17,y535ao47,90,61
1967,2022-10-17,y769aa178,22,16
